"","Survey_OTU","Domain","Phylum","Class","Order","Family","Genus","Survey_Genus_Mean"
"195","OTU4","Bacteria","Acidobacteria","Acidobacteria_Gp6","uncl_Acidobacteria_Gp6","uncl_Acidobacteria_Gp6","Gp6",10.8293055829552
"117","OTU2","Bacteria","Acidobacteria","Acidobacteria_Gp4","uncl_Acidobacteria_Gp4","uncl_Acidobacteria_Gp4","Gp4",9.24861905701322
"156","OTU25","Bacteria","Proteobacteria","Gammaproteobacteria","Pseudomonadales","Pseudomonadaceae","Pseudomonas",6.79744525547445
"178","OTU32","Bacteria","Proteobacteria","Gammaproteobacteria","uncl_Gammaproteobacteria","uncl_Gammaproteobacteria","uncl_Gammaproteobacteria",6.3769974353916
"154","OTU24","Bacteria","Acidobacteria","Acidobacteria_Gp7","uncl_Acidobacteria_Gp7","uncl_Acidobacteria_Gp7","Gp7",6.21177747090156
"11","OTU11","Bacteria","Proteobacteria","Betaproteobacteria","uncl_Betaproteobacteria","uncl_Betaproteobacteria","uncl_Betaproteobacteria",4.75069047149339
"37","OTU13","Bacteria","Verrucomicrobia","Spartobacteria","uncl_Spartobacteria","uncl_Spartobacteria","Spartobacteria_genera_incertae_sedis",4.33887354507792
"251","OTU7","Bacteria","Actinobacteria","uncl_Actinobacteria","uncl_Actinobacteria","uncl_Actinobacteria","uncl_Actinobacteria",3.74580785164727
"256","OTU71","Bacteria","Acidobacteria","uncl_Acidobacteria","uncl_Acidobacteria","uncl_Acidobacteria","uncl_Acidobacteria",3.06396725192346
"275","OTU84","Bacteria","Bacteroidetes","Chitinophagia","Chitinophagales","Chitinophagaceae","uncl_Chitinophagaceae",2.51159005721049
"210","OTU45","Bacteria","Proteobacteria","Betaproteobacteria","Burkholderiales","Comamonadaceae","uncl_Comamonadaceae",2.0849773130795
"215","OTU49","Bacteria","Proteobacteria","Gammaproteobacteria","Pseudomonadales","Moraxellaceae","Acinetobacter",1.85810810810811
"149","OTU23","Bacteria","Proteobacteria","Betaproteobacteria","Burkholderiales","Comamonadaceae","Aquabacterium",1.67685934109292
"249","OTU69","Bacteria","Acidobacteria","Blastocatellia","Blastocatellales","Blastocatellaceae","Stenotrophobacter",1.56958966265536
"189","OTU37","Bacteria","Acidobacteria","Blastocatellia","Blastocatellales","Blastocatellaceae","uncl_Blastocatellaceae",1.5671236930361
"83","OTU17","Bacteria","Proteobacteria","Gammaproteobacteria","Xanthomonadales","Xanthomonadaceae","uncl_Xanthomonadaceae",1.48944565002959
"127","OTU21","Bacteria","Acidobacteria","Blastocatellia","Blastocatellales","uncl_Blastocatellales","uncl_Blastocatellales",1.33655553363583
"230","OTU6","Bacteria","Acidobacteria","Acidobacteria_Gp17","uncl_Acidobacteria_Gp17","uncl_Acidobacteria_Gp17","Gp17",1.26750838429671
"196","OTU40","Bacteria","Acidobacteria","Blastocatellia","Blastocatellales","Blastocatellaceae","Aridibacter",1.13311304004735
"183","OTU350","Bacteria","Verrucomicrobia","uncl_Verrucomicrobia","uncl_Verrucomicrobia","uncl_Verrucomicrobia","uncl_Verrucomicrobia",1.11831722233182
"220","OTU52","Bacteria","Proteobacteria","Alphaproteobacteria","Sphingomonadales","Sphingomonadaceae","Sphingomonas",1.05543499704084
"257","OTU72","Bacteria","Bacteroidetes","uncl_Bacteroidetes","uncl_Bacteroidetes","uncl_Bacteroidetes","uncl_Bacteroidetes",0.851992503452357
"293","OTU94","Bacteria","Nitrospirae","Nitrospira","Nitrospirales","Nitrospiraceae","Nitrospira",0.851992503452357
"38","OTU132","Bacteria","Proteobacteria","Gammaproteobacteria","Chromatiales","Chromatiaceae","Thermochromatium",0.806372065496153
"3","OTU103","Bacteria","Proteobacteria","Gammaproteobacteria","Xanthomonadales","uncl_Xanthomonadales","uncl_Xanthomonadales",0.745955809824423
"15","OTU116","Bacteria","Acidobacteria","Acidobacteria_Gp3","uncl_Acidobacteria_Gp3","uncl_Acidobacteria_Gp3","Gp3",0.739790885776287
"175","OTU31","Bacteria","Cyanobacteria","Cyanobacteria","uncl_Cyanobacteria","uncl_Cyanobacteria","uncl_Cyanobacteria",0.637453146577234
"201","OTU423","Bacteria","Proteobacteria","uncl_Proteobacteria","uncl_Proteobacteria","uncl_Proteobacteria","uncl_Proteobacteria",0.618958374432827
"191","OTU386","Bacteria","Proteobacteria","Deltaproteobacteria","Myxococcales","uncl_Myxococcales","uncl_Myxococcales",0.563474057999605
"19","OTU120","Bacteria","Actinobacteria","Actinobacteria","uncl_Actinobacteria","uncl_Actinobacteria","uncl_Actinobacteria",0.551144209903334
"211","OTU46","Bacteria","Bacteroidetes","Flavobacteriia","Flavobacteriales","Flavobacteriaceae","uncl_Flavobacteriaceae",0.551144209903334
"207","OTU44","Bacteria","Cyanobacteria","uncl_Cyanobacteria","uncl_Cyanobacteria","uncl_Cyanobacteria","uncl_Cyanobacteria",0.512921680804892
"131","OTU215","Bacteria","Verrucomicrobia","Subdivision3","uncl_Subdivision3","uncl_Subdivision3","Subdivision3_genera_incertae_sedis",0.510455711185638
"171","OTU292","Bacteria","Bacteroidetes","Cytophagia","Cytophagales","uncl_Cytophagales","uncl_Cytophagales",0.480864075754587
"93","OTU177","Bacteria","Actinobacteria","Thermoleophilia","Solirubrobacterales","uncl_Solirubrobacterales","uncl_Solirubrobacterales",0.475932136516078
"51","OTU142","Bacteria","Proteobacteria","Deltaproteobacteria","uncl_Deltaproteobacteria","uncl_Deltaproteobacteria","uncl_Deltaproteobacteria",0.46236930361018
"157","OTU250","Bacteria","Actinobacteria","Thermoleophilia","uncl_Thermoleophilia","uncl_Thermoleophilia","uncl_Thermoleophilia",0.451272440323535
"50","OTU14","Bacteria","Acidobacteria","Blastocatellia","Blastocatellales","Arenimicrobiaceae","Arenimicrobium",0.431544683369501
"148","OTU229","Bacteria","Proteobacteria","Betaproteobacteria","Burkholderiales","uncl_Burkholderiales","uncl_Burkholderiales",0.422913789702111
"173","OTU300","Bacteria","Planctomycetes","Planctomycetacia","Planctomycetales","Gemmataceae","uncl_Gemmataceae",0.392089169461432
"18","OTU12","Bacteria","Bacteroidetes","Flavobacteriia","Flavobacteriales","Flavobacteriaceae","Gillisia",0.385924245413297
"228","OTU588","Bacteria","Planctomycetes","Planctomycetacia","uncl_Planctomycetacia","uncl_Planctomycetacia","uncl_Planctomycetacia",0.380992306174788
"192","OTU39","Bacteria","Actinobacteria","Thermoleophilia","Solirubrobacterales","Patulibacteraceae","Patulibacter",0.350167685934109
"102","OTU186","Bacteria","Firmicutes","Bacilli","Bacillales","Planococcaceae","Paenisporosarcina",0.346468731505228
"138","OTU221","Bacteria","Planctomycetes","Planctomycetacia","Pirellulales","uncl_Pirellulales","uncl_Pirellulales",0.331672913789702
"177","OTU316","Bacteria","Actinobacteria","Rubrobacteria","Rubrobacterales","Rubrobacteraceae","Rubrobacter",0.315644111264549
"224","OTU545","Bacteria","Proteobacteria","Alphaproteobacteria","uncl_Alphaproteobacteria","uncl_Alphaproteobacteria","uncl_Alphaproteobacteria",0.305780232787532
"180","OTU325","Bacteria","Chloroflexi","uncl_Chloroflexi","uncl_Chloroflexi","uncl_Chloroflexi","uncl_Chloroflexi",0.270023673308345
"137","OTU219","Bacteria","Proteobacteria","Alphaproteobacteria","Rhizobiales","uncl_Rhizobiales","uncl_Rhizobiales",0.265091734069836
"184","OTU353","Bacteria","Acidobacteria","Blastocatellia","uncl_Blastocatellia","uncl_Blastocatellia","uncl_Blastocatellia",0.258926810021701
"60","OTU152","Bacteria","Acidobacteria","Acidobacteria_Gp7","uncl_Acidobacteria_Gp7","uncl_Acidobacteria_Gp7","uncl_Acidobacteria_Gp7",0.249062931544683
"65","OTU1554","Bacteria","Proteobacteria","Gammaproteobacteria","Enterobacterales","Enterobacteriaceae","uncl_Enterobacteriaceae",0.244130992306175
"142","OTU226","Bacteria","Actinobacteria","Thermoleophilia","Gaiellales","uncl_Gaiellales","uncl_Gaiellales",0.239199053067666
"165","OTU274","Bacteria","Proteobacteria","Betaproteobacteria","Burkholderiales","Oxalobacteraceae","uncl_Oxalobacteraceae",0.23303412901953
"87","OTU173","Bacteria","Proteobacteria","Gammaproteobacteria","Xanthomonadales","Rhodanobacteraceae","Dyella",0.228102189781022
"105","OTU188","Bacteria","Acidobacteria","Acidobacteria_Gp3","uncl_Acidobacteria_Gp3","uncl_Acidobacteria_Gp3","uncl_Acidobacteria_Gp3",0.225636220161768
"170","OTU290","Bacteria","Bacteroidetes","Sphingobacteriia","Sphingobacteriales","Sphingobacteriaceae","uncl_Sphingobacteriaceae",0.223170250542513
"68","OTU158","Bacteria","Verrucomicrobia","Verrucomicrobiae","Verrucomicrobiales","Verrucomicrobiaceae","Luteolibacter",0.219471296113632
"193","OTU390","Bacteria","Candidatus_Saccharibacteria","uncl_Candidatus_Saccharibacteria","uncl_Candidatus_Saccharibacteria","uncl_Candidatus_Saccharibacteria","Saccharibacteria_genera_incertae_sedis",0.219471296113632
"12","OTU111","Bacteria","Bacteroidetes","Cytophagia","uncl_Cytophagia","uncl_Cytophagia","uncl_Cytophagia",0.218238311304005
"179","OTU321","Bacteria","Chloroflexi","Caldilineae","Caldilineales","uncl_Caldilineales","uncl_Caldilineales",0.214539356875123
"199","OTU420","Bacteria","Cyanobacteria","Cyanobacteria","uncl_Cyanobacteria","Family_I","GpI",0.212073387255869
"227","OTU575","Bacteria","Planctomycetes","uncl_Planctomycetes","uncl_Planctomycetes","uncl_Planctomycetes","uncl_Planctomycetes",0.202209508778852
"185","OTU354","Bacteria","Firmicutes","uncl_Firmicutes","uncl_Firmicutes","uncl_Firmicutes","uncl_Firmicutes",0.200976523969225
"162","OTU262","Bacteria","Bacteroidetes","Chitinophagia","Chitinophagales","Chitinophagaceae","Terrimonas",0.19851055434997
"44","OTU137","Bacteria","Proteobacteria","Alphaproteobacteria","Caulobacterales","Caulobacteraceae","Brevundimonas",0.191112645492208
"84","OTU170","Bacteria","Actinobacteria","Thermoleophilia","Solirubrobacterales","Solirubrobacteraceae","Solirubrobacter",0.182481751824818
"216","OTU490","Bacteria","Planctomycetes","Planctomycetacia","Pirellulales","Pirellulaceae","uncl_Pirellulaceae",0.182481751824818
"182","OTU348","Bacteria","Firmicutes","Bacilli","uncl_Bacilli","uncl_Bacilli","uncl_Bacilli",0.18124876701519
"234","OTU620","Bacteria","Armatimonadetes","uncl_Armatimonadetes","uncl_Armatimonadetes","uncl_Armatimonadetes","uncl_Armatimonadetes",0.166452949299665
"168","OTU283","Bacteria","Firmicutes","Bacilli","Lactobacillales","Streptococcaceae","Streptococcus",0.165219964490037
"213","OTU477","Bacteria","Proteobacteria","Betaproteobacteria","Nitrosomonadales","uncl_Nitrosomonadales","uncl_Nitrosomonadales",0.160288025251529
"243","OTU671","Bacteria","Verrucomicrobia","Spartobacteria","uncl_Spartobacteria","uncl_Spartobacteria","uncl_Spartobacteria",0.160288025251529
"125","OTU2091","Bacteria","Proteobacteria","Gammaproteobacteria","Xanthomonadales","Xanthomonadaceae","Stenotrophomonas",0.151657131584139
"242","OTU668","Bacteria","Firmicutes","Bacilli","Bacillales","Planococcaceae","uncl_Planococcaceae",0.141793253107122
"222","OTU528","Bacteria","Planctomycetes","Planctomycetacia","Planctomycetales","Planctomycetaceae","uncl_Planctomycetaceae",0.140560268297495
"239","OTU658","Bacteria","Armatimonadetes","uncl_Armatimonadetes","uncl_Armatimonadetes","uncl_Armatimonadetes","Armatimonadetes_gp5",0.13809429867824
"214","OTU482","Bacteria","Planctomycetes","Planctomycetacia","Planctomycetales","uncl_Planctomycetales","uncl_Planctomycetales",0.131929374630105
"164","OTU273","Bacteria","Bacteroidetes","Sphingobacteriia","uncl_Sphingobacteriia","uncl_Sphingobacteriia","uncl_Sphingobacteriia",0.130696389820477
"136","OTU217","Bacteria","Actinobacteria","Acidimicrobiia","Acidimicrobiales","uncl_Acidimicrobiales","uncl_Acidimicrobiales",0.128230420201223
"219","OTU519","Bacteria","Proteobacteria","Gammaproteobacteria","Xanthomonadales","Xanthomonadaceae","Arenimonas",0.128230420201223
"130","OTU214","Bacteria","Firmicutes","Bacilli","Bacillales","Planococcaceae","Jeotgalibacillus",0.12083251134346
"190","OTU383","Bacteria","Cyanobacteria","Cyanobacteria","uncl_Cyanobacteria","Family_IV","uncl_Family_IV",0.102337739199053
"226","OTU571","Bacteria","Bacteroidetes","Flavobacteriia","Flavobacteriales","Flavobacteriaceae","Flavobacterium",0.0974057999605445
"13","OTU1139","Bacteria","Armatimonadetes","uncl_Armatimonadetes","uncl_Armatimonadetes","uncl_Armatimonadetes","Armatimonadetes_gp4",0.0887749062931545
"198","OTU408","Bacteria","Proteobacteria","Betaproteobacteria","Burkholderiales","Comamonadaceae","Polaromonas",0.0887749062931545
"247","OTU687","Bacteria","Proteobacteria","Alphaproteobacteria","Sphingomonadales","uncl_Sphingomonadales","uncl_Sphingomonadales",0.0887749062931545
"174","OTU303","Bacteria","Actinobacteria","Acidimicrobiia","uncl_Acidimicrobiia","uncl_Acidimicrobiia","uncl_Acidimicrobiia",0.0875419214835273
"187","OTU359","Bacteria","Verrucomicrobia","Opitutae","Opitutales","Opitutaceae","uncl_Opitutaceae",0.0863089366739002
"248","OTU688","Bacteria","Acidobacteria","Blastocatellia","Blastocatellales","Blastocatellaceae","Blastocatella",0.0838429670546459
"237","OTU645","Bacteria","Actinobacteria","Thermoleophilia","Solirubrobacterales","Solirubrobacteraceae","uncl_Solirubrobacteraceae",0.0826099822450187
"212","OTU472","Bacteria","Proteobacteria","Gammaproteobacteria","Oceanospirillales","Oceanospirillaceae","Marinomonas",0.0813769974353916
"271","OTU824","Bacteria","Proteobacteria","Gammaproteobacteria","Legionellales","Legionellaceae","Legionella",0.0776780430065102
"31","OTU1250","Bacteria","Firmicutes","Bacilli","Lactobacillales","Lactobacillaceae","Lactobacillus",0.076445058196883
"39","OTU1320","Bacteria","Planctomycetes","Planctomycetacia","Planctomycetales","Gemmataceae","Gemmata",0.076445058196883
"181","OTU329","Bacteria","candidate_division_WPS-1","uncl_candidate_division_WPS-1","uncl_candidate_division_WPS-1","uncl_candidate_division_WPS-1","uncl_candidate_division_WPS-1",0.0739790885776287
"167","OTU282","Bacteria","Proteobacteria","Alphaproteobacteria","Sphingomonadales","Sphingomonadaceae","uncl_Sphingomonadaceae",0.0727461037680016
"166","OTU281","Bacteria","Armatimonadetes","Armatimonadia","Armatimonadales","Armatimonadaceae","Armatimonas/Armatimonadetes_gp1",0.0715131189583744
"276","OTU841","Bacteria","Proteobacteria","Gammaproteobacteria","Cellvibrionales","uncl_Cellvibrionales","uncl_Cellvibrionales",0.0702801341487473
"301","OTU996","Bacteria","Armatimonadetes","Chthonomonadetes","Chthonomonadales","Chthonomonadaceae","Chthonomonas/Armatimonadetes_gp3",0.0702801341487473
"197","OTU401","Bacteria","Proteobacteria","Betaproteobacteria","Nitrosomonadales","Gallionellaceae","uncl_Gallionellaceae",0.0690471493391201
"229","OTU599","Bacteria","Proteobacteria","Gammaproteobacteria","Pseudomonadales","Moraxellaceae","Moraxella",0.0690471493391201
"26","OTU122","Bacteria","Proteobacteria","Gammaproteobacteria","Chromatiales","uncl_Chromatiales","uncl_Chromatiales",0.067814164529493
"72","OTU1619","Bacteria","Planctomycetes","Planctomycetacia","Planctomycetales","Isosphaeraceae","uncl_Isosphaeraceae",0.0665811797198659
"225","OTU568","Bacteria","Proteobacteria","Betaproteobacteria","Burkholderiales","Alcaligenaceae","uncl_Alcaligenaceae",0.0665811797198659
"278","OTU862","Bacteria","Firmicutes","Bacilli","Lactobacillales","Lactobacillaceae","Ligilactobacillus",0.0665811797198659
"300","OTU993","Bacteria","Proteobacteria","Deltaproteobacteria","Myxococcales","Labilitrichaceae","Labilithrix",0.0665811797198659
"169","OTU287","Bacteria","Acidobacteria","Acidobacteria_Gp4","uncl_Acidobacteria_Gp4","uncl_Acidobacteria_Gp4","uncl_Acidobacteria_Gp4",0.0653481949102387
"81","OTU169","Bacteria","Planctomycetes","Planctomycetacia","Planctomycetales","Gemmataceae","Limnoglobus",0.0628822252909844
"176","OTU312","Bacteria","Planctomycetes","Planctomycetacia","Planctomycetales","Planctomycetaceae","Rubinisphaera",0.0628822252909844
"223","OTU541","Bacteria","Bacteroidetes","Chitinophagia","Chitinophagales","uncl_Chitinophagales","uncl_Chitinophagales",0.0628822252909844
"294","OTU946","Bacteria","Acidobacteria","Acidobacteria_Gp1","uncl_Acidobacteria_Gp1","uncl_Acidobacteria_Gp1","uncl_Acidobacteria_Gp1",0.0628822252909844
"163","OTU271","Bacteria","Bacteroidetes","Flavobacteriia","Flavobacteriales","Weeksellaceae","uncl_Weeksellaceae",0.0616492404813573
"172","OTU295","Bacteria","Planctomycetes","Planctomycetacia","Planctomycetales","Isosphaeraceae","Singulisphaera",0.0616492404813573
"270","OTU817","Bacteria","Proteobacteria","Gammaproteobacteria","Pseudomonadales","Moraxellaceae","Psychrobacter",0.0616492404813573
"297","OTU973","Bacteria","Acidobacteria","Acidobacteria_Gp2","uncl_Acidobacteria_Gp2","uncl_Acidobacteria_Gp2","Gp2",0.0616492404813573
"263","OTU758","Bacteria","Actinobacteria","Actinobacteria","Mycobacteriales","Corynebacteriaceae","Corynebacterium",0.0604162556717301
"221","OTU521","Bacteria","Proteobacteria","Alphaproteobacteria","Rhizobiales","Bradyrhizobiaceae","Bradyrhizobium",0.059183270862103
"280","OTU872","Bacteria","Firmicutes","Bacilli","Bacillales","Staphylococcaceae","Staphylococcus",0.0579502860524758
"200","OTU422","Bacteria","Actinobacteria","Thermoleophilia","Solirubrobacterales","Patulibacteraceae","uncl_Patulibacteraceae",0.0554843164332215
"258","OTU74","Bacteria","Proteobacteria","Gammaproteobacteria","Xanthomonadales","Xanthomonadaceae","Pseudoxanthomonas",0.0554843164332215
"282","OTU895","Bacteria","Planctomycetes","Planctomycetacia","Planctomycetales","Gemmataceae","Telmatocola",0.0554843164332215
"205","OTU434","Bacteria","candidate_division_WPS-1","uncl_candidate_division_WPS-1","uncl_candidate_division_WPS-1","uncl_candidate_division_WPS-1","WPS-1_genera_incertae_sedis",0.0542513316235944
"296","OTU957","Bacteria","Proteobacteria","Gammaproteobacteria","Xanthomonadales","Rhodanobacteraceae","uncl_Rhodanobacteraceae",0.0530183468139672
"27","OTU1220","Bacteria","Proteobacteria","Alphaproteobacteria","Rhizobiales","Kaistiaceae","uncl_Kaistiaceae",0.050552377194713
"104","OTU1879","Bacteria","Planctomycetes","Planctomycetacia","Pirellulales","Pirellulaceae","Pirellula",0.050552377194713
"186","OTU357","Bacteria","Proteobacteria","Alphaproteobacteria","Sphingomonadales","Erythrobacteraceae","uncl_Erythrobacteraceae",0.050552377194713
"67","OTU1570","Bacteria","Cyanobacteria","Cyanobacteria","uncl_Cyanobacteria","Family_I","uncl_Family_I",0.0493193923850858
"292","OTU938","Bacteria","Planctomycetes","Planctomycetacia","Planctomycetales","Planctomycetaceae","Schlesneria",0.0480864075754587
"260","OTU741","Bacteria","Proteobacteria","Oligoflexia","Bacteriovoracales","Bacteriovoracaceae","Peredibacter",0.0468534227658315
"277","OTU852","Bacteria","Bacteroidetes","Sphingobacteriia","Sphingobacteriales","Sphingobacteriaceae","Sphingobacterium",0.0468534227658315
"253","OTU703","Bacteria","Proteobacteria","Deltaproteobacteria","Bdellovibrionales","Bdellovibrionaceae","Bdellovibrio",0.0456204379562044
"209","OTU448","Bacteria","Bacteroidetes","Sphingobacteriia","Sphingobacteriales","Sphingobacteriaceae","Daejeonella",0.0443874531465772
"284","OTU914","Bacteria","Firmicutes","Bacilli","Lactobacillales","Lactobacillaceae","Limosilactobacillus",0.0443874531465772
"61","OTU1523","Bacteria","Proteobacteria","Gammaproteobacteria","Aeromonadales","Aeromonadaceae","uncl_Aeromonadaceae",0.0419214835273229
"139","OTU2225","Bacteria","Actinobacteria","Acidimicrobiia","Acidimicrobiales","Ilumatobacteraceae","uncl_Ilumatobacteraceae",0.0406884987176958
"152","OTU236","Bacteria","Proteobacteria","Gammaproteobacteria","Xanthomonadales","Xanthomonadaceae","Luteimonas",0.0406884987176958
"218","OTU515","Bacteria","Proteobacteria","Betaproteobacteria","Burkholderiales","Burkholderiaceae","Cupriavidus",0.0406884987176958
"34","OTU1277","Bacteria","Proteobacteria","Betaproteobacteria","Rhodocyclales","Rhodocyclaceae","Azospira",0.0394555139080687
"66","OTU1568","Bacteria","Firmicutes","Erysipelotrichia","Erysipelotrichales","Erysipelotrichaceae","Turicibacter",0.0394555139080687
"217","OTU501","Bacteria","Actinobacteria","Thermoleophilia","Solirubrobacterales","Conexibacteraceae","Conexibacter",0.0394555139080687
"267","OTU768","Bacteria","Actinobacteria","Actinobacteria","Micrococcales","Micrococcaceae","uncl_Micrococcaceae",0.0394555139080687
"22","OTU1212","Bacteria","Proteobacteria","Alphaproteobacteria","Rhodobacterales","Rhodobacteraceae","uncl_Rhodobacteraceae",0.0382225290984415
"194","OTU394","Bacteria","Proteobacteria","Alphaproteobacteria","Rhodobacterales","uncl_Rhodobacterales","uncl_Rhodobacterales",0.0382225290984415
"246","OTU682","Bacteria","Firmicutes","Clostridia","Clostridiales","Clostridiaceae_1","Clostridium_sensu_stricto",0.0382225290984415
"288","OTU923","Bacteria","Proteobacteria","Betaproteobacteria","Burkholderiales","Burkholderiaceae","Burkholderia",0.0382225290984415
"188","OTU365","Bacteria","Bacteroidetes","Flavobacteriia","Flavobacteriales","Weeksellaceae","Elizabethkingia",0.0345235746695601
"202","OTU431","Bacteria","Acidobacteria","Vicinamibacteria","Vicinamibacterales","Vicinamibacteraceae","Luteitalea",0.0345235746695601
"133","OTU2166","Bacteria","Proteobacteria","Alphaproteobacteria","Sphingomonadales","Sphingomonadaceae","Blastomonas",0.0332905898599329
"32","OTU1254","Bacteria","Proteobacteria","Alphaproteobacteria","Sphingomonadales","Sphingomonadaceae","Sphingorhabdus",0.0308246202406786
"241","OTU662","Bacteria","Bacteroidetes","Bacteroidia","Bacteroidales","Bacteroidaceae","Bacteroides",0.0295916354310515
"40","OTU1321","Bacteria","Acidobacteria","Acidobacteria_Gp17","uncl_Acidobacteria_Gp17","uncl_Acidobacteria_Gp17","uncl_Acidobacteria_Gp17",0.0283586506214243
"231","OTU603","Bacteria","Actinobacteria","Acidimicrobiia","Acidimicrobiales","Ilumatobacteraceae","Desertimonas",0.0283586506214243
"56","OTU1466","Bacteria","Proteobacteria","Gammaproteobacteria","Alteromonadales","Shewanellaceae","uncl_Shewanellaceae",0.0271256658117972
"240","OTU659","Bacteria","Proteobacteria","Deltaproteobacteria","Myxococcales","Nannocystaceae","uncl_Nannocystaceae",0.0271256658117972
"266","OTU766","Bacteria","Proteobacteria","Alphaproteobacteria","Sphingomonadales","Erythrobacteraceae","Altererythrobacter",0.0271256658117972
"281","OTU891","Bacteria","Proteobacteria","Gammaproteobacteria","Enterobacterales","uncl_Enterobacterales","uncl_Enterobacterales",0.0271256658117972
"10","OTU1084","Bacteria","Firmicutes","Bacilli","Bacillales","Paenibacillaceae_1","Paenibacillus",0.0258926810021701
"89","OTU174","Bacteria","Cyanobacteria","Cyanobacteria","uncl_Cyanobacteria","Family_IV","GpIV",0.0258926810021701
"244","OTU676","Bacteria","Deinococcus-Thermus","uncl_Deinococcus-Thermus","uncl_Deinococcus-Thermus","uncl_Deinococcus-Thermus","uncl_Deinococcus-Thermus",0.0258926810021701
"274","OTU838","Bacteria","Firmicutes","Bacilli","Bacillales","Paenibacillaceae_1","uncl_Paenibacillaceae_1",0.0258926810021701
"16","OTU1173","Bacteria","Proteobacteria","Gammaproteobacteria","Legionellales","Coxiellaceae","Aquicella",0.0246596961925429
"17","OTU1176","Bacteria","Chloroflexi","Caldilineae","Caldilineales","Caldilineaceae","Caldilinea",0.0246596961925429
"45","OTU1378","Bacteria","Bacteroidetes","Chitinophagia","Chitinophagales","Chitinophagaceae","Ferruginibacter",0.0246596961925429
"1","OTU1001","Bacteria","Proteobacteria","Gammaproteobacteria","Enterobacterales","Enterobacteriaceae","Salmonella",0.0234267113829158
"76","OTU1652","Bacteria","Actinobacteria","Actinobacteria","Propionibacteriales","Nocardioidaceae","uncl_Nocardioidaceae",0.0234267113829158
"100","OTU1835","Bacteria","Actinobacteria","Actinobacteria","Micrococcales","Microbacteriaceae","uncl_Microbacteriaceae",0.0234267113829158
"158","OTU2504","Bacteria","Proteobacteria","Alphaproteobacteria","Rhodobacterales","Rhodobacteraceae","Fuscovulum",0.0234267113829158
"208","OTU444","Bacteria","Verrucomicrobia","Verrucomicrobiae","Verrucomicrobiales","Verrucomicrobiaceae","Prosthecobacter",0.0234267113829158
"232","OTU613","Bacteria","Actinobacteria","Actinobacteria","Propionibacteriales","Nocardioidaceae","Nocardioides",0.0234267113829158
"20","OTU1200","Bacteria","Acidobacteria","Blastocatellia","Blastocatellales","Blastocatellales_incertae_sedis","Chloracidobacterium",0.0221937265732886
"21","OTU1205","Bacteria","Proteobacteria","Alphaproteobacteria","Rhodospirillales","Reyranellaceae","Reyranella",0.0221937265732886
"86","OTU1708","Bacteria","Armatimonadetes","uncl_Armatimonadetes","uncl_Armatimonadetes","uncl_Armatimonadetes","Armatimonadetes_gp7",0.0221937265732886
"206","OTU436","Bacteria","Proteobacteria","Betaproteobacteria","Burkholderiales","Comamonadaceae","Rhizobacter",0.0221937265732886
"268","OTU801","Bacteria","Verrucomicrobia","Verrucomicrobiae","uncl_Verrucomicrobiae","uncl_Verrucomicrobiae","uncl_Verrucomicrobiae",0.0221937265732886
"55","OTU1465","Bacteria","Actinobacteria","Acidimicrobiia","Acidimicrobiales","Ilumatobacteraceae","Ilumatobacter",0.0209607417636615
"290","OTU935","Bacteria","Verrucomicrobia","Verrucomicrobiae","Verrucomicrobiales","Verrucomicrobiaceae","uncl_Verrucomicrobiaceae",0.0209607417636615
"98","OTU1829","Bacteria","Candidatus_Saccharibacteria","uncl_Candidatus_Saccharibacteria","uncl_Candidatus_Saccharibacteria","uncl_Candidatus_Saccharibacteria","uncl_Candidatus_Saccharibacteria",0.0197277569540343
"203","OTU432","Bacteria","Armatimonadetes","Armatimonadia","Armatimonadales","uncl_Armatimonadales","uncl_Armatimonadales",0.0197277569540343
"204","OTU433","Bacteria","Bacteroidetes","Chitinophagia","Chitinophagales","Chitinophagaceae","Flavitalea",0.0184947721444072
"264","OTU763","Bacteria","Actinobacteria","Thermoleophilia","Gaiellales","Gaiellaceae","Gaiella",0.0184947721444072
"283","OTU909","Bacteria","Actinobacteria","Thermoleophilia","Solirubrobacterales","Conexibacteraceae","uncl_Conexibacteraceae",0.0184947721444072
"8","OTU1055","Bacteria","Firmicutes","Bacilli","Bacillales","uncl_Bacillales","uncl_Bacillales",0.01726178733478
"35","OTU1282","Bacteria","Acidobacteria","Acidobacteria_Gp1","uncl_Acidobacteria_Gp1","uncl_Acidobacteria_Gp1","Terriglobus",0.01726178733478
"36","OTU1293","Bacteria","Bacteroidetes","Cytophagia","Cytophagales","Hymenobacteraceae","Hymenobacter",0.01726178733478
"88","OTU1733","Bacteria","Proteobacteria","Alphaproteobacteria","Sphingomonadales","Sphingomonadaceae","Sphingobium",0.01726178733478
"135","OTU2169","Bacteria","Proteobacteria","Alphaproteobacteria","Caulobacterales","Caulobacteraceae","Caulobacter",0.01726178733478
"155","OTU2408","Bacteria","Proteobacteria","Gammaproteobacteria","Chromatiales","Chromatiaceae","Alishewanella",0.01726178733478
"252","OTU701","Bacteria","Verrucomicrobia","Verrucomicrobiae","Verrucomicrobiales","uncl_Verrucomicrobiales","uncl_Verrucomicrobiales",0.01726178733478
"262","OTU749","Bacteria","Bacteroidetes","Sphingobacteriia","Sphingobacteriales","uncl_Sphingobacteriales","uncl_Sphingobacteriales",0.01726178733478
"269","OTU814","Bacteria","Nitrospirae","Nitrospira","Nitrospirales","uncl_Nitrospirales","uncl_Nitrospirales",0.01726178733478
"272","OTU825","Bacteria","Bacteroidetes","Sphingobacteriia","Sphingobacteriales","Sphingobacteriaceae","Pedobacter",0.01726178733478
"4","OTU1037","Bacteria","Chloroflexi","Caldilineae","Caldilineales","Caldilineaceae","Litorilinea",0.0160288025251529
"28","OTU1226","Bacteria","Deferribacteres","Deferribacteres","Deferribacterales","Deferribacteraceae","uncl_Deferribacteraceae",0.0160288025251529
"33","OTU1268","Bacteria","Proteobacteria","Deltaproteobacteria","Myxococcales","Polyangiaceae","uncl_Polyangiaceae",0.0160288025251529
"74","OTU1636","Bacteria","Firmicutes","Negativicutes","Veillonellales","Veillonellaceae","Veillonella",0.0160288025251529
"95","OTU1789","Bacteria","Deinococcus-Thermus","Deinococci","Deinococcales","uncl_Deinococcales","uncl_Deinococcales",0.0160288025251529
"129","OTU2138","Bacteria","Firmicutes","Bacilli","Lactobacillales","Aerococcaceae","Aerococcus",0.0160288025251529
"273","OTU833","Bacteria","Chlamydiae","Chlamydiia","uncl_Chlamydiia","uncl_Chlamydiia","uncl_Chlamydiia",0.0160288025251529
"287","OTU922","Bacteria","Firmicutes","Bacilli","Lactobacillales","Streptococcaceae","Lactococcus",0.0160288025251529
"94","OTU1772","Bacteria","Proteobacteria","Alphaproteobacteria","Rhizobiales","Devosiaceae","Devosia",0.0147958177155257
"236","OTU632","Bacteria","Proteobacteria","Gammaproteobacteria","Chromatiales","Ectothiorhodospiraceae","uncl_Ectothiorhodospiraceae",0.0147958177155257
"24","OTU1216","Bacteria","Acidobacteria","Acidobacteria_Gp1","uncl_Acidobacteria_Gp1","uncl_Acidobacteria_Gp1","Granulicella",0.0135628329058986
"25","OTU1218","Bacteria","Deinococcus-Thermus","Deinococci","Deinococcales","Deinococcaceae","Deinococcus",0.0135628329058986
"29","OTU1241","Bacteria","Proteobacteria","Betaproteobacteria","Nitrosomonadales","Nitrosomonadaceae","Nitrosospira",0.0135628329058986
"49","OTU1398","Bacteria","Actinobacteria","Actinobacteria","Propionibacteriales","Propionibacteriaceae","Cutibacterium",0.0135628329058986
"70","OTU1587","Bacteria","Proteobacteria","Gammaproteobacteria","Pasteurellales","Pasteurellaceae","Haemophilus",0.0135628329058986
"235","OTU631","Bacteria","Abditibacteriota","uncl_Abditibacteriota","uncl_Abditibacteriota","uncl_Abditibacteriota","uncl_Abditibacteriota",0.0135628329058986
"254","OTU705","Bacteria","Deinococcus-Thermus","Deinococci","uncl_Deinococci","uncl_Deinococci","uncl_Deinococci",0.0135628329058986
"47","OTU1385","Bacteria","Proteobacteria","Gammaproteobacteria","Alteromonadales","uncl_Alteromonadales","uncl_Alteromonadales",0.0123298480962715
"59","OTU1491","Bacteria","Proteobacteria","Betaproteobacteria","Nitrosomonadales","Thiobacillaceae","Thiobacillus",0.0123298480962715
"62","OTU1531","Bacteria","Rhodothermaeota","Rhodothermia","Rhodothermales","uncl_Rhodothermales","uncl_Rhodothermales",0.0123298480962715
"75","OTU1646","Bacteria","Firmicutes","Clostridia","Clostridiales","Peptostreptococcaceae","Romboutsia",0.0123298480962715
"118","OTU2011","Bacteria","Proteobacteria","Gammaproteobacteria","Legionellales","uncl_Legionellales","uncl_Legionellales",0.0123298480962715
"126","OTU2098","Bacteria","Proteobacteria","Alphaproteobacteria","Rhizobiales","Bradyrhizobiaceae","Variibacter",0.0123298480962715
"143","OTU2266","Bacteria","Bacteroidetes","Flavobacteriia","Flavobacteriales","uncl_Flavobacteriales","uncl_Flavobacteriales",0.0123298480962715
"5","OTU1041","Bacteria","Proteobacteria","Gammaproteobacteria","Pseudomonadales","Moraxellaceae","uncl_Moraxellaceae",0.0110968632866443
"57","OTU1482","Bacteria","Proteobacteria","Betaproteobacteria","Rhodocyclales","Rhodocyclaceae","uncl_Rhodocyclaceae",0.0110968632866443
"96","OTU1802","Bacteria","Planctomycetes","Planctomycetacia","Planctomycetales","Planctomycetaceae","Planctopirus",0.0110968632866443
"101","OTU1849","Bacteria","Firmicutes","Bacilli","Bacillales","Bacillales_Incertae_Sedis_XI","Gemella",0.0110968632866443
"116","OTU1993","Bacteria","Bacteroidetes","Flavobacteriia","Flavobacteriales","Cryomorphaceae","Fluviicola",0.0110968632866443
"238","OTU646","Bacteria","Proteobacteria","Betaproteobacteria","Rhodocyclales","Azonexaceae","uncl_Azonexaceae",0.0110968632866443
"259","OTU740","Bacteria","Proteobacteria","Gammaproteobacteria","Oceanospirillales","Hahellaceae","Allohahella",0.0110968632866443
"73","OTU1627","Bacteria","Chlamydiae","uncl_Chlamydiae","uncl_Chlamydiae","uncl_Chlamydiae","uncl_Chlamydiae",0.00986387847701716
"91","OTU1761","Bacteria","Chloroflexi","Caldilineae","Caldilineales","Caldilineaceae","uncl_Caldilineaceae",0.00986387847701716
"120","OTU2029","Bacteria","Balneolaeota","Balneolia","Balneolales","Balneolaceae","uncl_Balneolaceae",0.00986387847701716
"144","OTU2271","Bacteria","Poribacteria","uncl_Poribacteria","uncl_Poribacteria","uncl_Poribacteria","Poribacteria_genera_incertae_sedis",0.00986387847701716
"146","OTU2285","Bacteria","Proteobacteria","Gammaproteobacteria","Legionellales","Legionellaceae","uncl_Legionellaceae",0.00986387847701716
"299","OTU991","Bacteria","Bacteroidetes","Flavobacteriia","Flavobacteriales","Flavobacteriaceae","Maribacter",0.00986387847701716
"7","OTU1047","Bacteria","Actinobacteria","Actinobacteria","Micrococcales","Microbacteriaceae","Alpinimonas",0.00863089366739002
"69","OTU1581","Bacteria","Bacteroidetes","Sphingobacteriia","Sphingobacteriales","Sphingobacteriaceae","Mucilaginibacter",0.00863089366739002
"71","OTU1612","Bacteria","Firmicutes","Bacilli","Bacillales","Bacillaceae_1","Bacillus",0.00863089366739002
"85","OTU1701","Bacteria","Bacteroidetes","Cytophagia","Cytophagales","Hymenobacteraceae","uncl_Hymenobacteraceae",0.00863089366739002
"2","OTU1028","Bacteria","Bacteroidetes","Cytophagia","Cytophagales","Hymenobacteraceae","Pontibacter",0.00739790885776287
"9","OTU1067","Bacteria","Proteobacteria","Gammaproteobacteria","Alteromonadales","Alteromonadaceae","uncl_Alteromonadaceae",0.00739790885776287
"77","OTU1657","Bacteria","Proteobacteria","Alphaproteobacteria","Rhodospirillales","Acetobacteraceae","uncl_Acetobacteraceae",0.00739790885776287
"82","OTU1699","Bacteria","Proteobacteria","Alphaproteobacteria","Caulobacterales","Hyphomonadaceae","uncl_Hyphomonadaceae",0.00739790885776287
"99","OTU1832","Bacteria","Deinococcus-Thermus","Deinococci","Thermales","Thermaceae","Thermus",0.00739790885776287
"110","OTU1954","Bacteria","Proteobacteria","Gammaproteobacteria","Alteromonadales","Alteromonadaceae","Marinobacter",0.00739790885776287
"111","OTU1962","Bacteria","Proteobacteria","Betaproteobacteria","Burkholderiales","Comamonadaceae","Comamonas",0.00739790885776287
"124","OTU2088","Bacteria","Actinobacteria","Thermoleophilia","Solirubrobacterales","Baekduiaceae","uncl_Baekduiaceae",0.00739790885776287
"141","OTU2248","Bacteria","Bacteroidetes","Flavobacteriia","Flavobacteriales","Weeksellaceae","Chryseobacterium",0.00739790885776287
"145","OTU2272","Bacteria","Proteobacteria","Oligoflexia","uncl_Oligoflexia","uncl_Oligoflexia","uncl_Oligoflexia",0.00739790885776287
"160","OTU2523","Bacteria","Rhodothermaeota","Rhodothermia","Rhodothermales","Rubricoccaceae","Rubrivirga",0.00739790885776287
"261","OTU747","Bacteria","Acidobacteria","Acidobacteria_Gp6","uncl_Acidobacteria_Gp6","uncl_Acidobacteria_Gp6","uncl_Acidobacteria_Gp6",0.00739790885776287
"6","OTU1045","Bacteria","Bacteroidetes","Cytophagia","Cytophagales","Cytophagaceae","Persicitalea",0.00616492404813573
"23","OTU1214","Bacteria","Actinobacteria","Actinobacteria","Propionibacteriales","uncl_Propionibacteriales","uncl_Propionibacteriales",0.00616492404813573
"30","OTU1244","Bacteria","Planctomycetes","Planctomycetacia","Pirellulales","Pirellulaceae","Mariniblastus",0.00616492404813573
"43","OTU1366","Bacteria","Actinobacteria","Actinobacteria","Micrococcales","Micrococcaceae","Arthrobacter",0.00616492404813573
"53","OTU1433","Bacteria","Proteobacteria","Gammaproteobacteria","Enterobacterales","Yersiniaceae","uncl_Yersiniaceae",0.00616492404813573
"64","OTU1534","Bacteria","Proteobacteria","Alphaproteobacteria","Rhizobiales","Aurantimonadaceae","uncl_Aurantimonadaceae",0.00616492404813573
"114","OTU1988","Bacteria","Verrucomicrobia","Opitutae","uncl_Opitutae","uncl_Opitutae","uncl_Opitutae",0.00616492404813573
"128","OTU2113","Bacteria","Acidobacteria","Acidobacteria_Gp1","uncl_Acidobacteria_Gp1","uncl_Acidobacteria_Gp1","Gp1",0.00616492404813573
"279","OTU871","Bacteria","Proteobacteria","Alphaproteobacteria","Rhizobiales","Rhizobiaceae","Hoeflea",0.00616492404813573
"42","OTU1340","Bacteria","Proteobacteria","Alphaproteobacteria","Rhodobacterales","Rhodobacteraceae","Amaricoccus",0.00493193923850858
"48","OTU1395","Bacteria","Spirochaetes","Spirochaetia","Spirochaetales","Spirochaetaceae","Treponema",0.00493193923850858
"54","OTU1458","Bacteria","Chloroflexi","Anaerolineae","Aggregatilineales","Aggregatilineaceae","Aggregatilinea",0.00493193923850858
"80","OTU1685","Bacteria","Cyanobacteria","Cyanobacteria","uncl_Cyanobacteria","Family_I","Crinalium",0.00493193923850858
"109","OTU1946","Bacteria","Actinobacteria","Actinobacteria","Micrococcales","Micrococcaceae","Micrococcus",0.00493193923850858
"134","OTU2168","Bacteria","Proteobacteria","Gammaproteobacteria","Oceanospirillales","Halomonadaceae","Halomonas",0.00493193923850858
"140","OTU2231","Bacteria","Actinobacteria","Actinobacteria","Propionibacteriales","Propionibacteriaceae","Microlunatus",0.00493193923850858
"233","OTU616","Bacteria","Proteobacteria","Alphaproteobacteria","Rhodobacterales","Rhodobacteraceae","Paracoccus",0.00493193923850858
"245","OTU677","Bacteria","Bacteroidetes","Cytophagia","Cytophagales","Cytophagaceae","uncl_Cytophagaceae",0.00493193923850858
"298","OTU983","Bacteria","Bacteroidetes","Cytophagia","Cytophagales","Cyclobacteriaceae","Algoriphagus",0.00493193923850858
"79","OTU1681","Bacteria","Verrucomicrobia","Subdivision3","uncl_Subdivision3","uncl_Subdivision3","uncl_Subdivision3",0.00369895442888144
"90","OTU1746","Bacteria","Bacteroidetes","Chitinophagia","uncl_Chitinophagia","uncl_Chitinophagia","uncl_Chitinophagia",0.00369895442888144
"103","OTU1866","Bacteria","Proteobacteria","Alphaproteobacteria","Sphingomonadales","Erythrobacteraceae","Novosphingobium",0.00369895442888144
"119","OTU2021","Bacteria","Firmicutes","Bacilli","Lactobacillales","Carnobacteriaceae","uncl_Carnobacteriaceae",0.00369895442888144
"121","OTU2060","Bacteria","Firmicutes","Clostridia","Clostridiales","Peptoniphilaceae","Finegoldia",0.00369895442888144
"122","OTU2061","Bacteria","Proteobacteria","Betaproteobacteria","Nitrosomonadales","Methylophilaceae","Methylotenera",0.00369895442888144
"255","OTU709","Bacteria","Bacteroidetes","Flavobacteriia","Flavobacteriales","Flavobacteriaceae","Muriicola",0.00369895442888144
"265","OTU765","Bacteria","Actinobacteria","Actinobacteria","Micrococcales","uncl_Micrococcales","uncl_Micrococcales",0.00369895442888144
"289","OTU934","Bacteria","Nitrospirae","uncl_Nitrospirae","uncl_Nitrospirae","uncl_Nitrospirae","uncl_Nitrospirae",0.00369895442888144
"14","OTU1143","Bacteria","Chlamydiae","Chlamydiia","Chlamydiales","Criblamydiaceae","Estrella",0.00246596961925429
"41","OTU1323","Bacteria","Proteobacteria","Deltaproteobacteria","Desulfovibrionales","uncl_Desulfovibrionales","uncl_Desulfovibrionales",0.00246596961925429
"107","OTU1893","Bacteria","Proteobacteria","Alphaproteobacteria","Rhizobiales","Phyllobacteriaceae","uncl_Phyllobacteriaceae",0.00246596961925429
"108","OTU1917","Bacteria","Proteobacteria","Betaproteobacteria","Neisseriales","Chromobacteriaceae","Microvirgula",0.00246596961925429
"113","OTU1984","Bacteria","Bacteroidetes","Flavobacteriia","Flavobacteriales","Flavobacteriaceae","Subsaxibacter",0.00246596961925429
"115","OTU1989","Bacteria","Actinobacteria","Nitriliruptoria","uncl_Nitriliruptoria","uncl_Nitriliruptoria","uncl_Nitriliruptoria",0.00246596961925429
"123","OTU2074","Bacteria","Actinobacteria","Acidimicrobiia","Acidimicrobiales","Acidimicrobiaceae","uncl_Acidimicrobiaceae",0.00246596961925429
"159","OTU2518","Bacteria","Proteobacteria","Alphaproteobacteria","Rhizobiales","Devosiaceae","uncl_Devosiaceae",0.00246596961925429
"250","OTU698","Bacteria","Proteobacteria","Betaproteobacteria","Nitrosomonadales","Methylophilaceae","Pseudomethylobacillus",0.00246596961925429
"285","OTU916","Bacteria","Actinobacteria","Actinobacteria","Propionibacteriales","Nocardioidaceae","Aeromicrobium",0.00246596961925429
"286","OTU919","Bacteria","Planctomycetes","Planctomycetacia","Planctomycetales","Isosphaeraceae","Tundrisphaera",0.00246596961925429
"291","OTU937","Bacteria","Abditibacteriota","Abditibacteria","uncl_Abditibacteria","uncl_Abditibacteria","uncl_Abditibacteria",0.00246596961925429
"46","OTU1384","Bacteria","Actinobacteria","Actinobacteria","Micrococcales","Micrococcaceae","Glutamicibacter",0.00123298480962715
"52","OTU1428","Bacteria","Planctomycetes","Phycisphaerae","uncl_Phycisphaerae","uncl_Phycisphaerae","uncl_Phycisphaerae",0.00123298480962715
"58","OTU1488","Bacteria","Bacteroidetes","Flavobacteriia","Flavobacteriales","Flavobacteriaceae","Eudoraea",0.00123298480962715
"63","OTU1532","Bacteria","Proteobacteria","Betaproteobacteria","Burkholderiales","Oxalobacteraceae","Massilia",0.00123298480962715
"78","OTU1664","Bacteria","Proteobacteria","Gammaproteobacteria","Nevskiales","Nevskiaceae","uncl_Nevskiaceae",0.00123298480962715
"92","OTU1764","Bacteria","Proteobacteria","Deltaproteobacteria","Myxococcales","Sandaracinaceae","Sandaracinus",0.00123298480962715
"97","OTU1805","Bacteria","Proteobacteria","Alphaproteobacteria","Rhizobiales","Methylocystaceae","uncl_Methylocystaceae",0.00123298480962715
"106","OTU1888","Bacteria","Proteobacteria","Alphaproteobacteria","Rhodobacterales","Rhodobacteraceae","Rubellimicrobium",0.00123298480962715
"112","OTU1967","Bacteria","Proteobacteria","Gammaproteobacteria","Cellvibrionales","Cellvibrionaceae","Marinagarivorans",0.00123298480962715
"132","OTU2154","Bacteria","Proteobacteria","Alphaproteobacteria","Caulobacterales","Caulobacteraceae","Phenylobacterium",0.00123298480962715
"147","OTU2289","Bacteria","Rhodothermaeota","Rhodothermia","Rhodothermales","Rubricoccaceae","uncl_Rubricoccaceae",0.00123298480962715
"150","OTU2331","Bacteria","Proteobacteria","Gammaproteobacteria","Oceanospirillales","uncl_Oceanospirillales","uncl_Oceanospirillales",0.00123298480962715
"151","OTU2341","Bacteria","Firmicutes","Clostridia","uncl_Clostridia","uncl_Clostridia","uncl_Clostridia",0.00123298480962715
"153","OTU2384","Bacteria","Actinobacteria","Actinobacteria","Micrococcales","Microbacteriaceae","Rathayibacter",0.00123298480962715
"161","OTU2527","Bacteria","Proteobacteria","Deltaproteobacteria","Myxococcales","Sandaracinaceae","uncl_Sandaracinaceae",0.00123298480962715
"295","OTU952","Bacteria","Bacteroidetes","Cytophagia","Cytophagales","Cytophagaceae","Rhodocytophaga",0.00123298480962715
