"","Exp_OTU","Domain","Phylum","Class","Order","Family","Genus","Exp_Genus_Mean"
"178","OTU4","Bacteria","Acidobacteria","Acidobacteria_Gp6","uncl_Acidobacteria_Gp6","uncl_Acidobacteria_Gp6","Gp6",11.6423357664234
"99","OTU2","Bacteria","Acidobacteria","Acidobacteria_Gp4","uncl_Acidobacteria_Gp4","uncl_Acidobacteria_Gp4","Gp4",10.8692767086928
"162","OTU32","Bacteria","Proteobacteria","Gammaproteobacteria","uncl_Gammaproteobacteria","uncl_Gammaproteobacteria","uncl_Gammaproteobacteria",8.54512276045123
"135","OTU24","Bacteria","Acidobacteria","Acidobacteria_Gp7","uncl_Acidobacteria_Gp7","uncl_Acidobacteria_Gp7","Gp7",5.31021897810219
"211","OTU59","Bacteria","Verrucomicrobia","Spartobacteria","uncl_Spartobacteria","uncl_Spartobacteria","Spartobacteria_genera_incertae_sedis",5.01327140013271
"9","OTU11","Bacteria","Proteobacteria","Betaproteobacteria","uncl_Betaproteobacteria","uncl_Betaproteobacteria","uncl_Betaproteobacteria",4.69807564698076
"191","OTU45","Bacteria","Proteobacteria","Betaproteobacteria","Burkholderiales","Comamonadaceae","uncl_Comamonadaceae",3.8586595885866
"131","OTU23","Bacteria","Proteobacteria","Betaproteobacteria","Burkholderiales","Comamonadaceae","Aquabacterium",3.23656270736563
"197","OTU49","Bacteria","Proteobacteria","Gammaproteobacteria","Pseudomonadales","Moraxellaceae","Acinetobacter",2.82846715328467
"230","OTU7","Bacteria","Actinobacteria","uncl_Actinobacteria","uncl_Actinobacteria","uncl_Actinobacteria","uncl_Actinobacteria",2.54313205043132
"147","OTU26","Bacteria","Acidobacteria","uncl_Acidobacteria","uncl_Acidobacteria","uncl_Acidobacteria","uncl_Acidobacteria",2.40378234903782
"30","OTU127","Bacteria","Bacteroidetes","Chitinophagia","Chitinophagales","Chitinophagaceae","uncl_Chitinophagaceae",2.30922362309224
"228","OTU69","Bacteria","Acidobacteria","Blastocatellia","Blastocatellales","Blastocatellaceae","Stenotrophobacter",1.83477106834771
"172","OTU37","Bacteria","Acidobacteria","Blastocatellia","Blastocatellales","Blastocatellaceae","uncl_Blastocatellaceae",1.70371599203716
"45","OTU14","Bacteria","Acidobacteria","Blastocatellia","Blastocatellales","Arenimicrobiaceae","Arenimicrobium",1.61745189117452
"213","OTU6","Bacteria","Acidobacteria","Acidobacteria_Gp17","uncl_Acidobacteria_Gp17","uncl_Acidobacteria_Gp17","Gp17",1.49303251493033
"32","OTU128","Bacteria","Proteobacteria","Gammaproteobacteria","Pseudomonadales","Pseudomonadaceae","Pseudomonas",1.23092236230922
"179","OTU40","Bacteria","Acidobacteria","Blastocatellia","Blastocatellales","Blastocatellaceae","Aridibacter",1.04346383543464
"204","OTU52","Bacteria","Proteobacteria","Alphaproteobacteria","Sphingomonadales","Sphingomonadaceae","Sphingomonas",0.955540809555408
"151","OTU274","Bacteria","Proteobacteria","Betaproteobacteria","Burkholderiales","Oxalobacteraceae","uncl_Oxalobacteraceae",0.925680159256802
"108","OTU21","Bacteria","Acidobacteria","Blastocatellia","Blastocatellales","uncl_Blastocatellales","uncl_Blastocatellales",0.90743198407432
"199","OTU491","Bacteria","Verrucomicrobia","uncl_Verrucomicrobia","uncl_Verrucomicrobia","uncl_Verrucomicrobia","uncl_Verrucomicrobia",0.905773059057731
"69","OTU17","Bacteria","Proteobacteria","Gammaproteobacteria","Xanthomonadales","Xanthomonadaceae","uncl_Xanthomonadaceae",0.904114134041141
"268","OTU94","Bacteria","Nitrospirae","Nitrospira","Nitrospirales","Nitrospiraceae","Nitrospira",0.867617783676178
"16","OTU116","Bacteria","Acidobacteria","Acidobacteria_Gp3","uncl_Acidobacteria_Gp3","uncl_Acidobacteria_Gp3","Gp3",0.79628400796284
"192","OTU46","Bacteria","Bacteroidetes","Flavobacteriia","Flavobacteriales","Flavobacteriaceae","uncl_Flavobacteriaceae",0.787989382879894
"233","OTU72","Bacteria","Bacteroidetes","uncl_Bacteroidetes","uncl_Bacteroidetes","uncl_Bacteroidetes","uncl_Bacteroidetes",0.6635700066357
"248","OTU818","Bacteria","Acidobacteria","Blastocatellia","uncl_Blastocatellia","uncl_Blastocatellia","uncl_Blastocatellia",0.656934306569343
"146","OTU259","Bacteria","Firmicutes","Bacilli","Lactobacillales","Streptococcaceae","Streptococcus",0.632050431320504
"202","OTU511","Bacteria","Proteobacteria","Betaproteobacteria","Burkholderiales","uncl_Burkholderiales","uncl_Burkholderiales",0.592236230922362
"24","OTU122","Bacteria","Proteobacteria","Gammaproteobacteria","Chromatiales","uncl_Chromatiales","uncl_Chromatiales",0.550763105507631
"3","OTU103","Bacteria","Proteobacteria","Gammaproteobacteria","Xanthomonadales","uncl_Xanthomonadales","uncl_Xanthomonadales",0.522561380225614
"176","OTU39","Bacteria","Actinobacteria","Thermoleophilia","Solirubrobacterales","Patulibacteraceae","Patulibacter",0.519243530192435
"173","OTU370","Bacteria","Proteobacteria","uncl_Proteobacteria","uncl_Proteobacteria","uncl_Proteobacteria","uncl_Proteobacteria",0.48772395487724
"166","OTU337","Bacteria","Actinobacteria","Actinobacteria","uncl_Actinobacteria","uncl_Actinobacteria","uncl_Actinobacteria",0.456204379562044
"272","OTU974","Bacteria","Proteobacteria","Deltaproteobacteria","Myxococcales","uncl_Myxococcales","uncl_Myxococcales",0.456204379562044
"35","OTU132","Bacteria","Proteobacteria","Gammaproteobacteria","Chromatiales","Chromatiaceae","Thermochromatium",0.411413404114134
"78","OTU177","Bacteria","Actinobacteria","Thermoleophilia","Solirubrobacterales","uncl_Solirubrobacterales","uncl_Solirubrobacterales",0.411413404114134
"140","OTU250","Bacteria","Actinobacteria","Thermoleophilia","uncl_Thermoleophilia","uncl_Thermoleophilia","uncl_Thermoleophilia",0.374917053749171
"40","OTU137","Bacteria","Proteobacteria","Alphaproteobacteria","Caulobacterales","Caulobacteraceae","Brevundimonas",0.371599203715992
"10","OTU111","Bacteria","Bacteroidetes","Cytophagia","uncl_Cytophagia","uncl_Cytophagia","uncl_Cytophagia",0.368281353682814
"113","OTU215","Bacteria","Verrucomicrobia","Subdivision3","uncl_Subdivision3","uncl_Subdivision3","Subdivision3_genera_incertae_sedis",0.338420703384207
"46","OTU142","Bacteria","Proteobacteria","Deltaproteobacteria","uncl_Deltaproteobacteria","uncl_Deltaproteobacteria","uncl_Deltaproteobacteria",0.326808228268082
"236","OTU743","Bacteria","Planctomycetes","Planctomycetacia","uncl_Planctomycetacia","uncl_Planctomycetacia","uncl_Planctomycetacia",0.308560053085601
"139","OTU245","Bacteria","Actinobacteria","Rubrobacteria","Rubrobacterales","Rubrobacteraceae","Rubrobacter",0.293629727936297
"155","OTU290","Bacteria","Bacteroidetes","Sphingobacteriia","Sphingobacteriales","Sphingobacteriaceae","uncl_Sphingobacteriaceae",0.293629727936297
"106","OTU2091","Bacteria","Proteobacteria","Gammaproteobacteria","Xanthomonadales","Xanthomonadaceae","Stenotrophomonas",0.275381552753816
"138","OTU241","Bacteria","Candidatus_Saccharibacteria","uncl_Candidatus_Saccharibacteria","uncl_Candidatus_Saccharibacteria","uncl_Candidatus_Saccharibacteria","Saccharibacteria_genera_incertae_sedis",0.273722627737226
"122","OTU221","Bacteria","Planctomycetes","Planctomycetacia","Pirellulales","uncl_Pirellulales","uncl_Pirellulales",0.272063702720637
"158","OTU300","Bacteria","Planctomycetes","Planctomycetacia","Planctomycetales","Gemmataceae","uncl_Gemmataceae",0.26542800265428
"208","OTU545","Bacteria","Proteobacteria","Alphaproteobacteria","uncl_Alphaproteobacteria","uncl_Alphaproteobacteria","uncl_Alphaproteobacteria",0.257133377571334
"86","OTU186","Bacteria","Firmicutes","Bacilli","Bacillales","Planococcaceae","Paenisporosarcina",0.248838752488388
"156","OTU292","Bacteria","Bacteroidetes","Cytophagia","Cytophagales","uncl_Cytophagales","uncl_Cytophagales",0.233908427339084
"167","OTU348","Bacteria","Firmicutes","Bacilli","uncl_Bacilli","uncl_Bacilli","uncl_Bacilli",0.225613802256138
"120","OTU219","Bacteria","Proteobacteria","Alphaproteobacteria","Rhizobiales","uncl_Rhizobiales","uncl_Rhizobiales",0.214001327140013
"229","OTU695","Bacteria","Proteobacteria","Betaproteobacteria","Nitrosomonadales","Methylophilaceae","Pseudomethylobacillus",0.214001327140013
"89","OTU188","Bacteria","Acidobacteria","Acidobacteria_Gp3","uncl_Acidobacteria_Gp3","uncl_Acidobacteria_Gp3","uncl_Acidobacteria_Gp3",0.210683477106835
"196","OTU483","Bacteria","Cyanobacteria","uncl_Cyanobacteria","uncl_Cyanobacteria","uncl_Cyanobacteria","uncl_Cyanobacteria",0.205706702057067
"210","OTU571","Bacteria","Bacteroidetes","Flavobacteriia","Flavobacteriales","Flavobacteriaceae","Flavobacterium",0.204047777040478
"57","OTU1554","Bacteria","Proteobacteria","Gammaproteobacteria","Enterobacterales","Enterobacteriaceae","uncl_Enterobacteriaceae",0.195753151957532
"127","OTU226","Bacteria","Actinobacteria","Thermoleophilia","Gaiellales","uncl_Gaiellales","uncl_Gaiellales",0.185799601857996
"168","OTU354","Bacteria","Firmicutes","uncl_Firmicutes","uncl_Firmicutes","uncl_Firmicutes","uncl_Firmicutes",0.180822826808228
"163","OTU321","Bacteria","Chloroflexi","Caldilineae","Caldilineales","uncl_Caldilineales","uncl_Caldilineales",0.175846051758461
"70","OTU170","Bacteria","Actinobacteria","Thermoleophilia","Solirubrobacterales","Solirubrobacteraceae","Solirubrobacter",0.172528201725282
"175","OTU387","Bacteria","Armatimonadetes","uncl_Armatimonadetes","uncl_Armatimonadetes","uncl_Armatimonadetes","uncl_Armatimonadetes",0.162574651625747
"153","OTU282","Bacteria","Proteobacteria","Alphaproteobacteria","Sphingomonadales","Sphingomonadaceae","uncl_Sphingomonadaceae",0.145985401459854
"18","OTU1174","Bacteria","Proteobacteria","Gammaproteobacteria","Xanthomonadales","Xanthomonadaceae","Arenimonas",0.144326476443265
"73","OTU173","Bacteria","Proteobacteria","Gammaproteobacteria","Xanthomonadales","Rhodanobacteraceae","Dyella",0.144326476443265
"194","OTU477","Bacteria","Proteobacteria","Betaproteobacteria","Nitrosomonadales","uncl_Nitrosomonadales","uncl_Nitrosomonadales",0.137690776376908
"223","OTU676","Bacteria","Deinococcus-Thermus","uncl_Deinococcus-Thermus","uncl_Deinococcus-Thermus","uncl_Deinococcus-Thermus","uncl_Deinococcus-Thermus",0.137690776376908
"181","OTU408","Bacteria","Proteobacteria","Betaproteobacteria","Burkholderiales","Comamonadaceae","Polaromonas",0.131055076310551
"182","OTU420","Bacteria","Cyanobacteria","Cyanobacteria","uncl_Cyanobacteria","Family_I","GpI",0.129396151293962
"148","OTU262","Bacteria","Bacteroidetes","Chitinophagia","Chitinophagales","Chitinophagaceae","Terrimonas",0.127737226277372
"149","OTU271","Bacteria","Bacteroidetes","Flavobacteriia","Flavobacteriales","Weeksellaceae","uncl_Weeksellaceae",0.116124751161247
"212","OTU599","Bacteria","Proteobacteria","Gammaproteobacteria","Pseudomonadales","Moraxellaceae","Moraxella",0.116124751161247
"198","OTU490","Bacteria","Planctomycetes","Planctomycetacia","Pirellulales","Pirellulaceae","uncl_Pirellulaceae",0.109489051094891
"222","OTU671","Bacteria","Verrucomicrobia","Spartobacteria","uncl_Spartobacteria","uncl_Spartobacteria","uncl_Spartobacteria",0.107830126078301
"164","OTU325","Bacteria","Chloroflexi","uncl_Chloroflexi","uncl_Chloroflexi","uncl_Chloroflexi","uncl_Chloroflexi",0.106171201061712
"209","OTU568","Bacteria","Proteobacteria","Betaproteobacteria","Burkholderiales","Alcaligenaceae","uncl_Alcaligenaceae",0.104512276045123
"150","OTU273","Bacteria","Bacteroidetes","Sphingobacteriia","uncl_Sphingobacteriia","uncl_Sphingobacteriia","uncl_Sphingobacteriia",0.101194426011944
"205","OTU521","Bacteria","Proteobacteria","Alphaproteobacteria","Rhizobiales","Bradyrhizobiaceae","Bradyrhizobium",0.0978765759787658
"249","OTU824","Bacteria","Proteobacteria","Gammaproteobacteria","Legionellales","Legionellaceae","Legionella",0.0962176509621765
"218","OTU645","Bacteria","Actinobacteria","Thermoleophilia","Solirubrobacterales","Solirubrobacteraceae","uncl_Solirubrobacteraceae",0.0945587259455873
"15","OTU1150","Bacteria","Planctomycetes","uncl_Planctomycetes","uncl_Planctomycetes","uncl_Planctomycetes","uncl_Planctomycetes",0.092899800928998
"118","OTU217","Bacteria","Actinobacteria","Acidimicrobiia","Acidimicrobiales","uncl_Acidimicrobiales","uncl_Acidimicrobiales",0.092899800928998
"200","OTU499","Bacteria","Armatimonadetes","uncl_Armatimonadetes","uncl_Armatimonadetes","uncl_Armatimonadetes","Armatimonadetes_gp5",0.0912408759124088
"226","OTU687","Bacteria","Proteobacteria","Alphaproteobacteria","Sphingomonadales","uncl_Sphingomonadales","uncl_Sphingomonadales",0.0895819508958195
"160","OTU31","Bacteria","Cyanobacteria","Cyanobacteria","uncl_Cyanobacteria","uncl_Cyanobacteria","uncl_Cyanobacteria",0.086264100862641
"195","OTU482","Bacteria","Planctomycetes","Planctomycetacia","Planctomycetales","uncl_Planctomycetales","uncl_Planctomycetales",0.0846051758460518
"225","OTU682","Bacteria","Firmicutes","Clostridia","Clostridiales","Clostridiaceae_1","Clostridium_sensu_stricto",0.0812873258128733
"203","OTU515","Bacteria","Proteobacteria","Betaproteobacteria","Burkholderiales","Burkholderiaceae","Cupriavidus",0.0779694757796947
"159","OTU303","Bacteria","Actinobacteria","Acidimicrobiia","uncl_Acidimicrobiia","uncl_Acidimicrobiia","uncl_Acidimicrobiia",0.0763105507631055
"180","OTU401","Bacteria","Proteobacteria","Betaproteobacteria","Nitrosomonadales","Gallionellaceae","uncl_Gallionellaceae",0.0763105507631055
"55","OTU152","Bacteria","Acidobacteria","Acidobacteria_Gp7","uncl_Acidobacteria_Gp7","uncl_Acidobacteria_Gp7","uncl_Acidobacteria_Gp7",0.0746516257465163
"165","OTU329","Bacteria","candidate_division_WPS-1","uncl_candidate_division_WPS-1","uncl_candidate_division_WPS-1","uncl_candidate_division_WPS-1","uncl_candidate_division_WPS-1",0.0746516257465163
"206","OTU528","Bacteria","Planctomycetes","Planctomycetacia","Planctomycetales","Planctomycetaceae","uncl_Planctomycetaceae",0.072992700729927
"157","OTU299","Bacteria","Planctomycetes","Planctomycetacia","Planctomycetales","Isosphaeraceae","Singulisphaera",0.0713337757133378
"171","OTU365","Bacteria","Bacteroidetes","Flavobacteriia","Flavobacteriales","Weeksellaceae","Elizabethkingia",0.0713337757133378
"34","OTU1293","Bacteria","Bacteroidetes","Cytophagia","Cytophagales","Hymenobacteraceae","Hymenobacter",0.0696748506967485
"161","OTU312","Bacteria","Planctomycetes","Planctomycetacia","Planctomycetales","Planctomycetaceae","Rubinisphaera",0.0696748506967485
"219","OTU646","Bacteria","Proteobacteria","Betaproteobacteria","Rhodocyclales","Azonexaceae","uncl_Azonexaceae",0.0696748506967485
"269","OTU946","Bacteria","Acidobacteria","Acidobacteria_Gp1","uncl_Acidobacteria_Gp1","uncl_Acidobacteria_Gp1","uncl_Acidobacteria_Gp1",0.0696748506967485
"42","OTU1392","Bacteria","Actinobacteria","Actinobacteria","Micrococcales","Micrococcaceae","uncl_Micrococcaceae",0.0680159256801593
"112","OTU214","Bacteria","Firmicutes","Bacilli","Bacillales","Planococcaceae","Jeotgalibacillus",0.0680159256801593
"187","OTU434","Bacteria","candidate_division_WPS-1","uncl_candidate_division_WPS-1","uncl_candidate_division_WPS-1","uncl_candidate_division_WPS-1","WPS-1_genera_incertae_sedis",0.0680159256801593
"12","OTU1132","Bacteria","Firmicutes","Bacilli","Bacillales","Planococcaceae","uncl_Planococcaceae",0.06635700066357
"59","OTU158","Bacteria","Verrucomicrobia","Verrucomicrobiae","Verrucomicrobiales","Verrucomicrobiaceae","Luteolibacter",0.06635700066357
"216","OTU631","Bacteria","Abditibacteriota","uncl_Abditibacteriota","uncl_Abditibacteriota","uncl_Abditibacteriota","uncl_Abditibacteriota",0.06635700066357
"227","OTU688","Bacteria","Acidobacteria","Blastocatellia","Blastocatellales","Blastocatellaceae","Blastocatella",0.06635700066357
"62","OTU1619","Bacteria","Planctomycetes","Planctomycetacia","Planctomycetales","Isosphaeraceae","uncl_Isosphaeraceae",0.0646980756469808
"253","OTU852","Bacteria","Bacteroidetes","Sphingobacteriia","Sphingobacteriales","Sphingobacteriaceae","Sphingobacterium",0.0646980756469808
"221","OTU662","Bacteria","Bacteroidetes","Bacteroidia","Bacteroidales","Bacteroidaceae","Bacteroides",0.0630391506303915
"170","OTU359","Bacteria","Verrucomicrobia","Opitutae","Opitutales","Opitutaceae","uncl_Opitutaceae",0.0613802256138023
"238","OTU749","Bacteria","Bacteroidetes","Sphingobacteriia","Sphingobacteriales","uncl_Sphingobacteriales","uncl_Sphingobacteriales",0.0613802256138023
"235","OTU741","Bacteria","Proteobacteria","Oligoflexia","Bacteriovoracales","Bacteriovoracaceae","Peredibacter",0.059721300597213
"258","OTU895","Bacteria","Planctomycetes","Planctomycetacia","Planctomycetales","Gemmataceae","Telmatocola",0.059721300597213
"271","OTU973","Bacteria","Acidobacteria","Acidobacteria_Gp2","uncl_Acidobacteria_Gp2","uncl_Acidobacteria_Gp2","Gp2",0.059721300597213
"56","OTU1532","Bacteria","Proteobacteria","Betaproteobacteria","Burkholderiales","Oxalobacteraceae","Massilia",0.0564034505640345
"275","OTU993","Bacteria","Proteobacteria","Deltaproteobacteria","Myxococcales","Labilitrichaceae","Labilithrix",0.053085600530856
"256","OTU872","Bacteria","Firmicutes","Bacilli","Bacillales","Staphylococcaceae","Staphylococcus",0.0497677504976775
"270","OTU957","Bacteria","Proteobacteria","Gammaproteobacteria","Xanthomonadales","Rhodanobacteraceae","uncl_Rhodanobacteraceae",0.0497677504976775
"276","OTU996","Bacteria","Armatimonadetes","Chthonomonadetes","Chthonomonadales","Chthonomonadaceae","Chthonomonas/Armatimonadetes_gp3",0.0497677504976775
"189","OTU444","Bacteria","Verrucomicrobia","Verrucomicrobiae","Verrucomicrobiales","Verrucomicrobiaceae","Prosthecobacter",0.0481088254810883
"263","OTU922","Bacteria","Firmicutes","Bacilli","Lactobacillales","Streptococcaceae","Lactococcus",0.0481088254810883
"241","OTU758","Bacteria","Actinobacteria","Actinobacteria","Mycobacteriales","Corynebacteriaceae","Corynebacterium",0.046449900464499
"252","OTU841","Bacteria","Proteobacteria","Gammaproteobacteria","Cellvibrionales","uncl_Cellvibrionales","uncl_Cellvibrionales",0.046449900464499
"21","OTU1208","Bacteria","Bacteroidetes","Sphingobacteriia","Sphingobacteriales","Sphingobacteriaceae","Mucilaginibacter",0.0447909754479098
"61","OTU1612","Bacteria","Firmicutes","Bacilli","Bacillales","Bacillaceae_1","Bacillus",0.0447909754479098
"185","OTU432","Bacteria","Armatimonadetes","Armatimonadia","Armatimonadales","uncl_Armatimonadales","uncl_Armatimonadales",0.0447909754479098
"234","OTU74","Bacteria","Proteobacteria","Gammaproteobacteria","Xanthomonadales","Xanthomonadaceae","Pseudoxanthomonas",0.0447909754479098
"74","OTU1733","Bacteria","Proteobacteria","Alphaproteobacteria","Sphingomonadales","Sphingomonadaceae","Sphingobium",0.0431320504313205
"183","OTU422","Bacteria","Actinobacteria","Thermoleophilia","Solirubrobacterales","Patulibacteraceae","uncl_Patulibacteraceae",0.0431320504313205
"257","OTU891","Bacteria","Proteobacteria","Gammaproteobacteria","Enterobacterales","uncl_Enterobacterales","uncl_Enterobacterales",0.0431320504313205
"262","OTU919","Bacteria","Planctomycetes","Planctomycetacia","Planctomycetales","Isosphaeraceae","Tundrisphaera",0.0431320504313205
"47","OTU1420","Bacteria","Proteobacteria","Alphaproteobacteria","Rhodobacterales","Rhodobacteraceae","uncl_Rhodobacteraceae",0.0414731254147313
"44","OTU1398","Bacteria","Actinobacteria","Actinobacteria","Propionibacteriales","Propionibacteriaceae","Cutibacterium",0.039814200398142
"117","OTU2169","Bacteria","Proteobacteria","Alphaproteobacteria","Caulobacterales","Caulobacteraceae","Caulobacter",0.039814200398142
"201","OTU501","Bacteria","Actinobacteria","Thermoleophilia","Solirubrobacterales","Conexibacteraceae","Conexibacter",0.039814200398142
"28","OTU1250","Bacteria","Firmicutes","Bacilli","Lactobacillales","Lactobacillaceae","Lactobacillus",0.0381552753815528
"207","OTU541","Bacteria","Bacteroidetes","Chitinophagia","Chitinophagales","uncl_Chitinophagales","uncl_Chitinophagales",0.0381552753815528
"240","OTU756","Bacteria","Actinobacteria","Acidimicrobiia","Acidimicrobiales","Ilumatobacteraceae","uncl_Ilumatobacteraceae",0.0381552753815528
"19","OTU12","Bacteria","Bacteroidetes","Flavobacteriia","Flavobacteriales","Flavobacteriaceae","Gillisia",0.0364963503649635
"23","OTU1218","Bacteria","Deinococcus-Thermus","Deinococci","Deinococcales","Deinococcaceae","Deinococcus",0.0364963503649635
"67","OTU169","Bacteria","Planctomycetes","Planctomycetacia","Planctomycetales","Gemmataceae","Limnoglobus",0.0364963503649635
"217","OTU632","Bacteria","Proteobacteria","Gammaproteobacteria","Chromatiales","Ectothiorhodospiraceae","uncl_Ectothiorhodospiraceae",0.0364963503649635
"36","OTU1320","Bacteria","Planctomycetes","Planctomycetacia","Planctomycetales","Gemmataceae","Gemmata",0.0348374253483743
"184","OTU431","Bacteria","Acidobacteria","Vicinamibacteria","Vicinamibacterales","Vicinamibacteraceae","Luteitalea",0.0348374253483743
"190","OTU448","Bacteria","Bacteroidetes","Sphingobacteriia","Sphingobacteriales","Sphingobacteriaceae","Daejeonella",0.0348374253483743
"193","OTU472","Bacteria","Proteobacteria","Gammaproteobacteria","Oceanospirillales","Oceanospirillaceae","Marinomonas",0.0348374253483743
"220","OTU659","Bacteria","Proteobacteria","Deltaproteobacteria","Myxococcales","Nannocystaceae","uncl_Nannocystaceae",0.0348374253483743
"255","OTU871","Bacteria","Proteobacteria","Alphaproteobacteria","Rhizobiales","Rhizobiaceae","Hoeflea",0.0348374253483743
"126","OTU2248","Bacteria","Bacteroidetes","Flavobacteriia","Flavobacteriales","Weeksellaceae","Chryseobacterium",0.033178500331785
"152","OTU281","Bacteria","Armatimonadetes","Armatimonadia","Armatimonadales","Armatimonadaceae","Armatimonas/Armatimonadetes_gp1",0.033178500331785
"214","OTU603","Bacteria","Actinobacteria","Acidimicrobiia","Acidimicrobiales","Ilumatobacteraceae","Desertimonas",0.033178500331785
"215","OTU613","Bacteria","Actinobacteria","Actinobacteria","Propionibacteriales","Nocardioidaceae","Nocardioides",0.033178500331785
"245","OTU801","Bacteria","Verrucomicrobia","Verrucomicrobiae","uncl_Verrucomicrobiae","uncl_Verrucomicrobiae","uncl_Verrucomicrobiae",0.033178500331785
"25","OTU1220","Bacteria","Proteobacteria","Alphaproteobacteria","Rhizobiales","Kaistiaceae","uncl_Kaistiaceae",0.0315195753151958
"264","OTU923","Bacteria","Proteobacteria","Betaproteobacteria","Burkholderiales","Burkholderiaceae","Burkholderia",0.0315195753151958
"63","OTU1636","Bacteria","Firmicutes","Negativicutes","Veillonellales","Veillonellaceae","Veillonella",0.0298606502986065
"6","OTU1047","Bacteria","Actinobacteria","Actinobacteria","Micrococcales","Microbacteriaceae","Alpinimonas",0.0282017252820173
"13","OTU1139","Bacteria","Armatimonadetes","uncl_Armatimonadetes","uncl_Armatimonadetes","uncl_Armatimonadetes","Armatimonadetes_gp4",0.0282017252820173
"43","OTU1395","Bacteria","Spirochaetes","Spirochaetia","Spirochaetales","Spirochaetaceae","Treponema",0.0282017252820173
"121","OTU2196","Bacteria","Proteobacteria","Alphaproteobacteria","Rhodospirillales","Reyranellaceae","Reyranella",0.0282017252820173
"247","OTU817","Bacteria","Proteobacteria","Gammaproteobacteria","Pseudomonadales","Moraxellaceae","Psychrobacter",0.026542800265428
"11","OTU1110","Bacteria","Proteobacteria","Deltaproteobacteria","Bdellovibrionales","Bdellovibrionaceae","Bdellovibrio",0.0248838752488388
"52","OTU1465","Bacteria","Actinobacteria","Acidimicrobiia","Acidimicrobiales","Ilumatobacteraceae","Ilumatobacter",0.0248838752488388
"58","OTU1570","Bacteria","Cyanobacteria","Cyanobacteria","uncl_Cyanobacteria","Family_I","uncl_Family_I",0.0248838752488388
"17","OTU1173","Bacteria","Proteobacteria","Gammaproteobacteria","Legionellales","Coxiellaceae","Aquicella",0.0232249502322495
"31","OTU1277","Bacteria","Proteobacteria","Betaproteobacteria","Rhodocyclales","Rhodocyclaceae","Azospira",0.0232249502322495
"54","OTU1482","Bacteria","Proteobacteria","Betaproteobacteria","Rhodocyclales","Rhodocyclaceae","uncl_Rhodocyclaceae",0.0232249502322495
"95","OTU1972","Bacteria","Bacteroidetes","Sphingobacteriia","Sphingobacteriales","Sphingobacteriaceae","Pedobacter",0.0232249502322495
"239","OTU751","Bacteria","Proteobacteria","Gammaproteobacteria","Aeromonadales","Aeromonadaceae","uncl_Aeromonadaceae",0.0232249502322495
"267","OTU938","Bacteria","Planctomycetes","Planctomycetacia","Planctomycetales","Planctomycetaceae","Schlesneria",0.0232249502322495
"5","OTU1041","Bacteria","Proteobacteria","Gammaproteobacteria","Pseudomonadales","Moraxellaceae","uncl_Moraxellaceae",0.0215660252156603
"98","OTU1993","Bacteria","Bacteroidetes","Flavobacteriia","Flavobacteriales","Cryomorphaceae","Fluviicola",0.0215660252156603
"137","OTU2408","Bacteria","Proteobacteria","Gammaproteobacteria","Chromatiales","Chromatiaceae","Alishewanella",0.0215660252156603
"154","OTU287","Bacteria","Acidobacteria","Acidobacteria_Gp4","uncl_Acidobacteria_Gp4","uncl_Acidobacteria_Gp4","uncl_Acidobacteria_Gp4",0.0215660252156603
"266","OTU935","Bacteria","Verrucomicrobia","Verrucomicrobiae","Verrucomicrobiales","Verrucomicrobiaceae","uncl_Verrucomicrobiaceae",0.0215660252156603
"83","OTU1835","Bacteria","Actinobacteria","Actinobacteria","Micrococcales","Microbacteriaceae","uncl_Microbacteriaceae",0.019907100199071
"251","OTU838","Bacteria","Firmicutes","Bacilli","Bacillales","Paenibacillaceae_1","uncl_Paenibacillaceae_1",0.019907100199071
"261","OTU916","Bacteria","Actinobacteria","Actinobacteria","Propionibacteriales","Nocardioidaceae","Aeromicrobium",0.019907100199071
"51","OTU1456","Bacteria","Proteobacteria","Alphaproteobacteria","Rhizobiales","Roseiarcaceae","Roseiarcus",0.0182481751824818
"72","OTU1716","Bacteria","Proteobacteria","Oligoflexia","Bacteriovoracales","Bacteriovoracaceae","Bacteriovorax",0.0182481751824818
"231","OTU701","Bacteria","Verrucomicrobia","Verrucomicrobiae","Verrucomicrobiales","uncl_Verrucomicrobiales","uncl_Verrucomicrobiales",0.0182481751824818
"244","OTU766","Bacteria","Proteobacteria","Alphaproteobacteria","Sphingomonadales","Erythrobacteraceae","Altererythrobacter",0.0182481751824818
"49","OTU1433","Bacteria","Proteobacteria","Gammaproteobacteria","Enterobacterales","Yersiniaceae","uncl_Yersiniaceae",0.0165892501658925
"80","OTU1789","Bacteria","Deinococcus-Thermus","Deinococci","Deinococcales","uncl_Deinococcales","uncl_Deinococcales",0.0165892501658925
"110","OTU2126","Bacteria","Campilobacterota","Campylobacteria","Campylobacterales","Sulfurospirillaceae","Sulfurospirillum",0.0165892501658925
"133","OTU236","Bacteria","Proteobacteria","Gammaproteobacteria","Xanthomonadales","Xanthomonadaceae","Luteimonas",0.0165892501658925
"174","OTU383","Bacteria","Cyanobacteria","Cyanobacteria","uncl_Cyanobacteria","Family_IV","uncl_Family_IV",0.0165892501658925
"177","OTU394","Bacteria","Proteobacteria","Alphaproteobacteria","Rhodobacterales","uncl_Rhodobacterales","uncl_Rhodobacterales",0.0165892501658925
"254","OTU862","Bacteria","Firmicutes","Bacilli","Lactobacillales","Lactobacillaceae","Ligilactobacillus",0.0165892501658925
"79","OTU1772","Bacteria","Proteobacteria","Alphaproteobacteria","Rhizobiales","Devosiaceae","Devosia",0.0149303251493033
"246","OTU814","Bacteria","Nitrospirae","Nitrospira","Nitrospirales","uncl_Nitrospirales","uncl_Nitrospirales",0.0149303251493033
"1","OTU1001","Bacteria","Proteobacteria","Gammaproteobacteria","Enterobacterales","Enterobacteriaceae","Salmonella",0.013271400132714
"37","OTU1321","Bacteria","Acidobacteria","Acidobacteria_Gp17","uncl_Acidobacteria_Gp17","uncl_Acidobacteria_Gp17","uncl_Acidobacteria_Gp17",0.013271400132714
"88","OTU1879","Bacteria","Planctomycetes","Planctomycetacia","Pirellulales","Pirellulaceae","Pirellula",0.013271400132714
"188","OTU436","Bacteria","Proteobacteria","Betaproteobacteria","Burkholderiales","Comamonadaceae","Rhizobacter",0.013271400132714
"237","OTU747","Bacteria","Acidobacteria","Acidobacteria_Gp6","uncl_Acidobacteria_Gp6","uncl_Acidobacteria_Gp6","uncl_Acidobacteria_Gp6",0.013271400132714
"260","OTU914","Bacteria","Firmicutes","Bacilli","Lactobacillales","Lactobacillaceae","Limosilactobacillus",0.013271400132714
"7","OTU1055","Bacteria","Firmicutes","Bacilli","Bacillales","uncl_Bacillales","uncl_Bacillales",0.0116124751161248
"81","OTU1802","Bacteria","Planctomycetes","Planctomycetacia","Planctomycetales","Planctomycetaceae","Planctopirus",0.0116124751161248
"94","OTU1962","Bacteria","Proteobacteria","Betaproteobacteria","Burkholderiales","Comamonadaceae","Comamonas",0.0116124751161248
"105","OTU2088","Bacteria","Actinobacteria","Thermoleophilia","Solirubrobacterales","Baekduiaceae","uncl_Baekduiaceae",0.0116124751161248
"119","OTU2172","Bacteria","Proteobacteria","Betaproteobacteria","Nitrosomonadales","Thiobacillaceae","Thiobacillus",0.0116124751161248
"128","OTU2271","Bacteria","Poribacteria","uncl_Poribacteria","uncl_Poribacteria","uncl_Poribacteria","Poribacteria_genera_incertae_sedis",0.0116124751161248
"14","OTU1143","Bacteria","Chlamydiae","Chlamydiia","Chlamydiales","Criblamydiaceae","Estrella",0.0099535500995355
"100","OTU2011","Bacteria","Proteobacteria","Gammaproteobacteria","Legionellales","uncl_Legionellales","uncl_Legionellales",0.0099535500995355
"102","OTU2060","Bacteria","Firmicutes","Clostridia","Clostridiales","Peptoniphilaceae","Finegoldia",0.0099535500995355
"107","OTU2098","Bacteria","Proteobacteria","Alphaproteobacteria","Rhizobiales","Bradyrhizobiaceae","Variibacter",0.0099535500995355
"123","OTU2223","Bacteria","Firmicutes","Clostridia","uncl_Clostridia","uncl_Clostridia","uncl_Clostridia",0.0099535500995355
"125","OTU2231","Bacteria","Actinobacteria","Actinobacteria","Propionibacteriales","Propionibacteriaceae","Microlunatus",0.0099535500995355
"134","OTU2388","Bacteria","Firmicutes","Clostridia","Clostridiales","Ruminococcaceae","uncl_Ruminococcaceae",0.0099535500995355
"242","OTU763","Bacteria","Actinobacteria","Thermoleophilia","Gaiellales","Gaiellaceae","Gaiella",0.0099535500995355
"259","OTU909","Bacteria","Actinobacteria","Thermoleophilia","Solirubrobacterales","Conexibacteraceae","uncl_Conexibacteraceae",0.0099535500995355
"8","OTU1084","Bacteria","Firmicutes","Bacilli","Bacillales","Paenibacillaceae_1","Paenibacillus",0.00829462508294625
"20","OTU1200","Bacteria","Acidobacteria","Blastocatellia","Blastocatellales","Blastocatellales_incertae_sedis","Chloracidobacterium",0.00829462508294625
"29","OTU1254","Bacteria","Proteobacteria","Alphaproteobacteria","Sphingomonadales","Sphingomonadaceae","Sphingorhabdus",0.00829462508294625
"76","OTU1761","Bacteria","Chloroflexi","Caldilineae","Caldilineales","Caldilineaceae","uncl_Caldilineaceae",0.00829462508294625
"85","OTU1849","Bacteria","Firmicutes","Bacilli","Bacillales","Bacillales_Incertae_Sedis_XI","Gemella",0.00829462508294625
"92","OTU1946","Bacteria","Actinobacteria","Actinobacteria","Micrococcales","Micrococcaceae","Micrococcus",0.00829462508294625
"97","OTU1991","Bacteria","Firmicutes","Bacilli","Lactobacillales","uncl_Lactobacillales","uncl_Lactobacillales",0.00829462508294625
"116","OTU2168","Bacteria","Proteobacteria","Gammaproteobacteria","Oceanospirillales","Halomonadaceae","Halomonas",0.00829462508294625
"144","OTU2519","Bacteria","Candidatus_Saccharibacteria","uncl_Candidatus_Saccharibacteria","uncl_Candidatus_Saccharibacteria","uncl_Candidatus_Saccharibacteria","uncl_Candidatus_Saccharibacteria",0.00829462508294625
"145","OTU2527","Bacteria","Proteobacteria","Deltaproteobacteria","Myxococcales","Sandaracinaceae","uncl_Sandaracinaceae",0.00829462508294625
"186","OTU433","Bacteria","Bacteroidetes","Chitinophagia","Chitinophagales","Chitinophagaceae","Flavitalea",0.00829462508294625
"33","OTU1282","Bacteria","Acidobacteria","Acidobacteria_Gp1","uncl_Acidobacteria_Gp1","uncl_Acidobacteria_Gp1","Terriglobus",0.006635700066357
"53","OTU1466","Bacteria","Proteobacteria","Gammaproteobacteria","Alteromonadales","Shewanellaceae","uncl_Shewanellaceae",0.006635700066357
"65","OTU1657","Bacteria","Proteobacteria","Alphaproteobacteria","Rhodospirillales","Acetobacteraceae","uncl_Acetobacteraceae",0.006635700066357
"71","OTU1708","Bacteria","Armatimonadetes","uncl_Armatimonadetes","uncl_Armatimonadetes","uncl_Armatimonadetes","Armatimonadetes_gp7",0.006635700066357
"75","OTU1745","Bacteria","Chloroflexi","Anaerolineae","Aggregatilineales","Aggregatilineaceae","Aggregatilinea",0.006635700066357
"103","OTU2061","Bacteria","Proteobacteria","Betaproteobacteria","Nitrosomonadales","Methylophilaceae","Methylotenera",0.006635700066357
"143","OTU2518","Bacteria","Proteobacteria","Alphaproteobacteria","Rhizobiales","Devosiaceae","uncl_Devosiaceae",0.006635700066357
"243","OTU765","Bacteria","Actinobacteria","Actinobacteria","Micrococcales","uncl_Micrococcales","uncl_Micrococcales",0.006635700066357
"273","OTU983","Bacteria","Bacteroidetes","Cytophagia","Cytophagales","Cyclobacteriaceae","Algoriphagus",0.006635700066357
"2","OTU1028","Bacteria","Bacteroidetes","Cytophagia","Cytophagales","Hymenobacteraceae","Pontibacter",0.00497677504976775
"38","OTU1323","Bacteria","Proteobacteria","Deltaproteobacteria","Desulfovibrionales","uncl_Desulfovibrionales","uncl_Desulfovibrionales",0.00497677504976775
"41","OTU1378","Bacteria","Bacteroidetes","Chitinophagia","Chitinophagales","Chitinophagaceae","Ferruginibacter",0.00497677504976775
"66","OTU1664","Bacteria","Proteobacteria","Gammaproteobacteria","Nevskiales","Nevskiaceae","uncl_Nevskiaceae",0.00497677504976775
"91","OTU1917","Bacteria","Proteobacteria","Betaproteobacteria","Neisseriales","Chromobacteriaceae","Microvirgula",0.00497677504976775
"93","OTU1954","Bacteria","Proteobacteria","Gammaproteobacteria","Alteromonadales","Alteromonadaceae","Marinobacter",0.00497677504976775
"96","OTU1987","Bacteria","Bacteroidetes","Flavobacteriia","Flavobacteriales","uncl_Flavobacteriales","uncl_Flavobacteriales",0.00497677504976775
"109","OTU2113","Bacteria","Acidobacteria","Acidobacteria_Gp1","uncl_Acidobacteria_Gp1","uncl_Acidobacteria_Gp1","Gp1",0.00497677504976775
"111","OTU2138","Bacteria","Firmicutes","Bacilli","Lactobacillales","Aerococcaceae","Aerococcus",0.00497677504976775
"115","OTU2166","Bacteria","Proteobacteria","Alphaproteobacteria","Sphingomonadales","Sphingomonadaceae","Blastomonas",0.00497677504976775
"129","OTU2272","Bacteria","Proteobacteria","Oligoflexia","uncl_Oligoflexia","uncl_Oligoflexia","uncl_Oligoflexia",0.00497677504976775
"130","OTU2285","Bacteria","Proteobacteria","Gammaproteobacteria","Legionellales","Legionellaceae","uncl_Legionellaceae",0.00497677504976775
"136","OTU2401","Bacteria","Chloroflexi","Caldilineae","Caldilineales","Caldilineaceae","Caldilinea",0.00497677504976775
"141","OTU2504","Bacteria","Proteobacteria","Alphaproteobacteria","Rhodobacterales","Rhodobacteraceae","Fuscovulum",0.00497677504976775
"265","OTU934","Bacteria","Nitrospirae","uncl_Nitrospirae","uncl_Nitrospirae","uncl_Nitrospirae","uncl_Nitrospirae",0.00497677504976775
"22","OTU1214","Bacteria","Actinobacteria","Actinobacteria","Propionibacteriales","uncl_Propionibacteriales","uncl_Propionibacteriales",0.0033178500331785
"26","OTU1226","Bacteria","Deferribacteres","Deferribacteres","Deferribacterales","Deferribacteraceae","uncl_Deferribacteraceae",0.0033178500331785
"64","OTU1652","Bacteria","Actinobacteria","Actinobacteria","Propionibacteriales","Nocardioidaceae","uncl_Nocardioidaceae",0.0033178500331785
"68","OTU1699","Bacteria","Proteobacteria","Alphaproteobacteria","Caulobacterales","Hyphomonadaceae","uncl_Hyphomonadaceae",0.0033178500331785
"114","OTU2154","Bacteria","Proteobacteria","Alphaproteobacteria","Caulobacterales","Caulobacteraceae","Phenylobacterium",0.0033178500331785
"132","OTU2331","Bacteria","Proteobacteria","Gammaproteobacteria","Oceanospirillales","uncl_Oceanospirillales","uncl_Oceanospirillales",0.0033178500331785
"169","OTU357","Bacteria","Proteobacteria","Alphaproteobacteria","Sphingomonadales","Erythrobacteraceae","uncl_Erythrobacteraceae",0.0033178500331785
"232","OTU709","Bacteria","Bacteroidetes","Flavobacteriia","Flavobacteriales","Flavobacteriaceae","Muriicola",0.0033178500331785
"250","OTU833","Bacteria","Chlamydiae","Chlamydiia","uncl_Chlamydiia","uncl_Chlamydiia","uncl_Chlamydiia",0.0033178500331785
"274","OTU991","Bacteria","Bacteroidetes","Flavobacteriia","Flavobacteriales","Flavobacteriaceae","Maribacter",0.0033178500331785
"4","OTU1037","Bacteria","Chloroflexi","Caldilineae","Caldilineales","Caldilineaceae","Litorilinea",0.00165892501658925
"27","OTU1244","Bacteria","Planctomycetes","Planctomycetacia","Pirellulales","Pirellulaceae","Mariniblastus",0.00165892501658925
"39","OTU1340","Bacteria","Proteobacteria","Alphaproteobacteria","Rhodobacterales","Rhodobacteraceae","Amaricoccus",0.00165892501658925
"48","OTU1428","Bacteria","Planctomycetes","Phycisphaerae","uncl_Phycisphaerae","uncl_Phycisphaerae","uncl_Phycisphaerae",0.00165892501658925
"50","OTU1451","Bacteria","Bacteroidetes","Cytophagia","Cytophagales","Hymenobacteraceae","uncl_Hymenobacteraceae",0.00165892501658925
"60","OTU1592","Bacteria","Bacteroidetes","Chitinophagia","uncl_Chitinophagia","uncl_Chitinophagia","uncl_Chitinophagia",0.00165892501658925
"77","OTU1764","Bacteria","Proteobacteria","Deltaproteobacteria","Myxococcales","Sandaracinaceae","Sandaracinus",0.00165892501658925
"82","OTU1832","Bacteria","Deinococcus-Thermus","Deinococci","Thermales","Thermaceae","Thermus",0.00165892501658925
"84","OTU1846","Bacteria","Deferribacteres","Deferribacteres","Deferribacterales","Deferribacteraceae","Calditerrivibrio",0.00165892501658925
"87","OTU1866","Bacteria","Proteobacteria","Alphaproteobacteria","Sphingomonadales","Erythrobacteraceae","Novosphingobium",0.00165892501658925
"90","OTU1893","Bacteria","Proteobacteria","Alphaproteobacteria","Rhizobiales","Phyllobacteriaceae","uncl_Phyllobacteriaceae",0.00165892501658925
"101","OTU2021","Bacteria","Firmicutes","Bacilli","Lactobacillales","Carnobacteriaceae","uncl_Carnobacteriaceae",0.00165892501658925
"104","OTU2074","Bacteria","Actinobacteria","Acidimicrobiia","Acidimicrobiales","Acidimicrobiaceae","uncl_Acidimicrobiaceae",0.00165892501658925
"124","OTU2229","Bacteria","Planctomycetes","Planctomycetacia","Pirellulales","Pirellulaceae","Rhodopirellula",0.00165892501658925
"142","OTU2508","Bacteria","Chlamydiae","uncl_Chlamydiae","uncl_Chlamydiae","uncl_Chlamydiae","uncl_Chlamydiae",0.00165892501658925
"224","OTU677","Bacteria","Bacteroidetes","Cytophagia","Cytophagales","Cytophagaceae","uncl_Cytophagaceae",0.00165892501658925
